"Serial.No.of.Polling.Station."	"Gajendra.Prasad.Yadav"	"Gajendra.Prasad.Himashu"	"Ramnarayan.Mandal"	"Sunil.Kumar.Pushpam"	"Indra.Kant.Yadav"	"Rajendra.Prasad.Yadav"	"Ram.Chalo.Mukhia"	"Total.of.valid.Votes"	"No.of.rejected.votes"	"Total"	"No.of.Tendered.Votes"
"1"	""	"A"	"B"	"C"	"D"	"E"	"F"	"G"	""	""	""	""
"2"	"1"	"30"	"87"	"269"	"149"	"35"	"11"	"23"	"604"	""	"604"	""
"3"	"2"	"24"	"42"	"203"	"103"	"13"	"6"	"12"	"403"	""	"403"	""
"4"	"2A"	"20"	"4"	"151"	"81"	"24"	"10"	"8"	"298"	""	"298"	""
"5"	"3"	"42"	"25"	"172"	"191"	"26"	"7"	"18"	"481"	""	"481"	""
"6"	"4"	"16"	"196"	"152"	"184"	"12"	"19"	"17"	"596"	""	"596"	""
"7"	"5"	"12"	"32"	"110"	"119"	"9"	"5"	"10"	"297"	""	"297"	""
"8"	"6"	"18"	"11"	"194"	"164"	"33"	"4"	"10"	"434"	""	"434"	""
"9"	"7"	"10"	"41"	"222"	"103"	"34"	"2"	"5"	"417"	""	"417"	""
"10"	"8"	"6"	"38"	"95"	"282"	"40"	"15"	"20"	"496"	""	"496"	""
"11"	"9"	"13"	"21"	"82"	"158"	"13"	"5"	"16"	"308"	""	"308"	""
"12"	"10"	"15"	"16"	"31"	"204"	"15"	"8"	"21"	"310"	""	"310"	""
"13"	"11"	"10"	"29"	"132"	"139"	"25"	"10"	"26"	"371"	""	"371"	""
"14"	"12"	"5"	"91"	"117"	"20"	"16"	"1"	"3"	"253"	""	"253"	""
"15"	"12A"	"7"	"19"	"96"	"151"	"24"	"3"	"5"	"305"	""	"305"	""
"16"	"Page Total"	"228"	"652"	"2026"	"2048"	"319"	"106"	"194"	"5573"	"0"	"5573"	"0"
"17"	"Serial
No.of Polling Station*"	"Gajendra
Prasad Yadav"	"Gajendra
Prasad Himashu"	"Ramnarayan
Mandal"	"Sunil Kumar
Pushpam"	"Indra Kant
Yadav"	"Rajendra
Prasad Yadav"	"Ram Chalo
Mukhia"	"Total of
valid Votes"	"No.of
rejected votes"	"Total"	"No.of
Tendered Votes"
"18"	""	"A"	"B"	"C"	"D"	"E"	"F"	"G"	""	""	""	""
"19"	"B.F."	"228"	"652"	"2026"	"2048"	"319"	"106"	"194"	"5573"	"0"	"5573"	"0"
"20"	"13"	"7"	"17"	"89"	"72"	"19"	"2"	"8"	"214"	""	"214"	""
"21"	"14"	"2"	"156"	"30"	"80"	"7"	"6"	"2"	"283"	""	"283"	""
"22"	"14A"	"5"	"191"	"27"	"103"	"7"	"17"	"9"	"359"	""	"359"	""
"23"	"15"	"9"	"144"	"57"	"156"	"13"	"4"	"12"	"395"	""	"395"	""
"24"	"16"	"16"	"84"	"34"	"151"	"15"	"15"	"28"	"343"	""	"343"	""
"25"	"17"	"18"	"78"	"16"	"230"	"14"	"4"	"16"	"376"	""	"376"	""
"26"	"18"	"0"	"160"	"72"	"81"	"10"	"9"	"4"	"336"	""	"336"	""
"27"	"19"	"10"	"131"	"116"	"80"	"6"	"8"	"17"	"368"	""	"368"	""
"28"	"20"	"14"	"84"	"120"	"253"	"19"	"14"	"26"	"530"	""	"530"	""
"29"	"21"	"9"	"54"	"135"	"120"	"19"	"10"	"21"	"368"	""	"368"	""
"30"	"22"	"31"	"108"	"182"	"198"	"27"	"21"	"32"	"599"	""	"599"	""
"31"	"23"	"21"	"49"	"75"	"417"	"37"	"14"	"20"	"633"	""	"633"	""
"32"	"24"	"14"	"36"	"81"	"354"	"24"	"11"	"17"	"537"	""	"537"	""
"33"	"25"	"10"	"75"	"122"	"124"	"21"	"17"	"15"	"384"	""	"384"	""
"34"	"Page Total"	"394"	"2019"	"3182"	"4467"	"557"	"258"	"421"	"11298"	"0"	"11298"	"0"
"35"	"Serial
No.of Polling Station*"	"Gajendra
Prasad Yadav"	"Gajendra
Prasad Himashu"	"Ramnarayan
Mandal"	"Sunil Kumar
Pushpam"	"Indra Kant
Yadav"	"Rajendra
Prasad Yadav"	"Ram Chalo
Mukhia"	"Total of
valid Votes"	"No.of
rejected votes"	"Total"	"No.of
Tendered Votes"
"36"	""	"A"	"B"	"C"	"D"	"E"	"F"	"G"	""	""	""	""
"37"	"B.F."	"394"	"2019"	"3182"	"4467"	"557"	"258"	"421"	"11298"	"0"	"11298"	"0"
"38"	"25A"	"9"	"21"	"129"	"198"	"16"	"5"	"12"	"390"	""	"390"	""
"39"	"26"	"18"	"99"	"74"	"288"	"9"	"4"	"14"	"506"	""	"506"	""
"40"	"27"	"9"	"104"	"24"	"70"	"5"	"8"	"6"	"226"	""	"226"	""
"41"	"28"	"0"	"51"	"23"	"260"	"14"	"5"	"6"	"359"	""	"359"	""
"42"	"29"	"7"	"142"	"41"	"123"	"5"	"2"	"2"	"322"	""	"322"	""
"43"	"29A"	"7"	"96"	"127"	"93"	"18"	"7"	"5"	"353"	""	"353"	""
"44"	"30"	"29"	"53"	"217"	"228"	"28"	"23"	"45"	"623"	""	"623"	""
"45"	"31"	"5"	"165"	"61"	"119"	"10"	"6"	"12"	"378"	""	"378"	""
"46"	"31A"	"7"	"121"	"75"	"101"	"8"	"14"	"9"	"335"	""	"335"	""
"47"	"32"	"12"	"81"	"121"	"101"	"17"	"7"	"8"	"347"	""	"347"	""
"48"	"32A"	"8"	"59"	"56"	"136"	"20"	"15"	"19"	"313"	""	"313"	""
"49"	"33"	"27"	"253"	"136"	"77"	"15"	"4"	"12"	"524"	""	"524"	""
"50"	"34"	"13"	"70"	"115"	"89"	"15"	"4"	"13"	"319"	""	"319"	""
"51"	"35"	"15"	"45"	"56"	"149"	"7"	"2"	"3"	"277"	""	"277"	""
"52"	"Page Total"	"560"	"3379"	"4437"	"6499"	"744"	"364"	"587"	"16570"	"0"	"16570"	"0"
"53"	"Serial
No.of Polling Station*"	"Gajendra
Prasad Yadav"	"Gajendra
Prasad Himashu"	"Ramnarayan
Mandal"	"Sunil Kumar
Pushpam"	"Indra Kant
Yadav"	"Rajendra
Prasad Yadav"	"Ram Chalo
Mukhia"	"Total of
valid Votes"	"No.of
rejected votes"	"Total"	"No.of
Tendered Votes"
"54"	""	"A"	"B"	"C"	"D"	"E"	"F"	"G"	""	""	""	""
"55"	"B.F."	"560"	"3379"	"4437"	"6499"	"744"	"364"	"587"	"16570"	"0"	"16570"	"0"
"56"	"36"	"12"	"13"	"159"	"113"	"32"	"7"	"12"	"348"	""	"348"	""
"57"	"36A"	"5"	"97"	"97"	"89"	"5"	"5"	"10"	"308"	""	"308"	""
"58"	"37"	"15"	"54"	"151"	"48"	"18"	"7"	"5"	"298"	""	"298"	""
"59"	"38"	"12"	"10"	"166"	"136"	"14"	"3"	"5"	"346"	""	"346"	""
"60"	"39"	"5"	"91"	"113"	"49"	"1"	"7"	"2"	"268"	""	"268"	""
"61"	"40"	"6"	"95"	"166"	"70"	"4"	"6"	"5"	"352"	""	"352"	""
"62"	"41"	"4"	"127"	"65"	"51"	"7"	"13"	"3"	"270"	""	"270"	""
"63"	"42"	"4"	"68"	"228"	"62"	"9"	"2"	"11"	"384"	""	"384"	""
"64"	"43"	"11"	"86"	"72"	"122"	"6"	"8"	"7"	"312"	""	"312"	""
"65"	"44"	"17"	"125"	"123"	"190"	"23"	"9"	"7"	"494"	""	"494"	""
"66"	"45"	"21"	"153"	"139"	"166"	"26"	"13"	"26"	"544"	""	"544"	""
"67"	"46"	"14"	"71"	"250"	"45"	"16"	"3"	"9"	"408"	""	"408"	""
"68"	"47"	"23"	"125"	"250"	"113"	"13"	"14"	"13"	"551"	""	"551"	""
"69"	"48"	"25"	"109"	"221"	"90"	"21"	"8"	"15"	"489"	""	"489"	""
"70"	"Page Total"	"734"	"4603"	"6637"	"7843"	"939"	"469"	"717"	"21942"	"0"	"21942"	"0"
"71"	"Serial
No.of Polling Station*"	"Gajendra
Prasad Yadav"	"Gajendra
Prasad Himashu"	"Ramnarayan
Mandal"	"Sunil Kumar
Pushpam"	"Indra Kant
Yadav"	"Rajendra
Prasad Yadav"	"Ram Chalo
Mukhia"	"Total of
valid Votes"	"No.of
rejected votes"	"Total"	"No.of
Tendered Votes"
"72"	""	"A"	"B"	"C"	"D"	"E"	"F"	"G"	""	""	""	""
"73"	"B.F."	"734"	"4603"	"6637"	"7843"	"939"	"469"	"717"	"21942"	"0"	"21942"	"0"
"74"	"49"	"14"	"4"	"221"	"27"	"5"	"2"	"12"	"285"	""	"285"	""
"75"	"50"	"17"	"10"	"290"	"92"	"30"	"8"	"18"	"465"	""	"465"	""
"76"	"50A"	"12"	"6"	"142"	"145"	"31"	"7"	"10"	"353"	""	"353"	""
"77"	"51"	"4"	"3"	"54"	"80"	"7"	"0"	"3"	"151"	""	"151"	""
"78"	"52"	"4"	"31"	"300"	"65"	"10"	"2"	"4"	"416"	""	"416"	""
"79"	"53"	"5"	"148"	"108"	"84"	"17"	"29"	"23"	"414"	""	"414"	""
"80"	"54"	"20"	"93"	"219"	"188"	"11"	"14"	"19"	"564"	""	"564"	""
"81"	"55"	"7"	"193"	"92"	"23"	"12"	"3"	"9"	"339"	""	"339"	""
"82"	"56"	"8"	"123"	"151"	"43"	"14"	"3"	"11"	"353"	""	"353"	""
"83"	"57"	"18"	"244"	"49"	"165"	"23"	"14"	"22"	"535"	""	"535"	""
"84"	"58"	"27"	"116"	"82"	"205"	"12"	"21"	"9"	"472"	""	"472"	""
"85"	"59"	"7"	"159"	"24"	"65"	"8"	"15"	"9"	"287"	""	"287"	""
"86"	"60"	"21"	"85"	"56"	"160"	"28"	"16"	"17"	"383"	""	"383"	""
"87"	"61"	"2"	"6"	"20"	"89"	"13"	"3"	"6"	"139"	""	"139"	""
"88"	"Page Total"	"900"	"5824"	"8445"	"9274"	"1160"	"606"	"889"	"27098"	"0"	"27098"	"0"
"89"	"Serial
No.of Polling Station*"	"Gajendra
Prasad Yadav"	"Gajendra
Prasad Himashu"	"Ramnarayan
Mandal"	"Sunil Kumar
Pushpam"	"Indra Kant
Yadav"	"Rajendra
Prasad Yadav"	"Ram Chalo
Mukhia"	"Total of
valid Votes"	"No.of
rejected votes"	"Total"	"No.of
Tendered Votes"
"90"	""	"A"	"B"	"C"	"D"	"E"	"F"	"G"	""	""	""	""
"91"	"B.F."	"900"	"5824"	"8445"	"9274"	"1160"	"606"	"889"	"27098"	"0"	"27098"	"0"
"92"	"62"	"12"	"57"	"159"	"156"	"12"	"10"	"9"	"415"	""	"415"	""
"93"	"63"	"13"	"41"	"82"	"87"	"10"	"5"	"8"	"246"	""	"246"	""
"94"	"64"	"4"	"78"	"86"	"62"	"3"	"7"	"3"	"243"	""	"243"	""
"95"	"65"	"11"	"78"	"45"	"308"	"16"	"8"	"23"	"489"	""	"489"	""
"96"	"66"	"14"	"34"	"54"	"166"	"22"	"8"	"36"	"334"	""	"334"	""
"97"	"67"	"7"	"15"	"148"	"88"	"4"	"4"	"4"	"270"	""	"270"	""
"98"	"68"	"16"	"32"	"242"	"187"	"13"	"1"	"7"	"498"	""	"498"	""
"99"	"69"	"29"	"28"	"206"	"217"	"38"	"16"	"27"	"561"	""	"561"	""
"100"	"70"	"29"	"204"	"33"	"333"	"16"	"11"	"13"	"639"	""	"639"	""
"101"	"71"	"10"	"17"	"17"	"133"	"10"	"4"	"5"	"196"	""	"196"	""
"102"	"72"	"36"	"55"	"268"	"300"	"41"	"15"	"32"	"747"	""	"747"	""
"103"	"73"	"10"	"204"	"109"	"105"	"9"	"23"	"12"	"472"	""	"472"	""
"104"	"74"	"14"	"245"	"26"	"64"	"2"	"22"	"8"	"381"	""	"381"	""
"105"	"75"	"17"	"82"	"204"	"92"	"19"	"34"	"9"	"457"	""	"457"	""
"106"	"Page Total"	"1122"	"6994"	"10124"	"11572"	"1375"	"774"	"1085"	"33046"	"0"	"33046"	"0"
"107"	"Serial
No.of Polling Station*"	"Gajendra
Prasad Yadav"	"Gajendra
Prasad Himashu"	"Ramnarayan
Mandal"	"Sunil Kumar
Pushpam"	"Indra Kant
Yadav"	"Rajendra
Prasad Yadav"	"Ram Chalo
Mukhia"	"Total of
valid Votes"	"No.of
rejected votes"	"Total"	"No.of
Tendered Votes"
"108"	""	"A"	"B"	"C"	"D"	"E"	"F"	"G"	""	""	""	""
"109"	"B.F."	"1122"	"6994"	"10124"	"11572"	"1375"	"774"	"1085"	"33046"	"0"	"33046"	"0"
"110"	"76"	"22"	"85"	"149"	"160"	"22"	"13"	"14"	"465"	""	"465"	""
"111"	"77"	"18"	"87"	"235"	"166"	"37"	"20"	"29"	"592"	""	"592"	""
"112"	"78"	"12"	"149"	"269"	"118"	"26"	"6"	"8"	"588"	""	"588"	""
"113"	"79"	"19"	"54"	"468"	"80"	"12"	"3"	"6"	"642"	""	"642"	""
"114"	"80"	"17"	"28"	"436"	"64"	"19"	"1"	"8"	"573"	""	"573"	""
"115"	"81"	"7"	"189"	"155"	"132"	"8"	"11"	"0"	"502"	""	"502"	""
"116"	"82"	"15"	"166"	"113"	"127"	"21"	"12"	"26"	"480"	""	"480"	""
"117"	"83"	"3"	"189"	"72"	"106"	"12"	"14"	"9"	"405"	""	"405"	""
"118"	"84"	"23"	"196"	"81"	"163"	"16"	"15"	"16"	"510"	""	"510"	""
"119"	"85"	"14"	"234"	"143"	"141"	"15"	"10"	"12"	"569"	""	"569"	""
"120"	"86"	"22"	"197"	"66"	"207"	"15"	"16"	"18"	"541"	""	"541"	""
"121"	"87"	"49"	"188"	"245"	"137"	"20"	"18"	"21"	"678"	""	"678"	""
"122"	"88"	"14"	"182"	"247"	"145"	"50"	"28"	"45"	"711"	""	"711"	""
"123"	"89"	"17"	"211"	"112"	"101"	"15"	"14"	"17"	"487"	""	"487"	""
"124"	"Page Total"	"1374"	"9149"	"12915"	"13419"	"1663"	"955"	"1314"	"40789"	"0"	"40789"	"0"
"125"	"Serial
No.of Polling Station*"	"Gajendra
Prasad Yadav"	"Gajendra
Prasad Himashu"	"Ramnarayan
Mandal"	"Sunil Kumar
Pushpam"	"Indra Kant
Yadav"	"Rajendra
Prasad Yadav"	"Ram Chalo
Mukhia"	"Total of
valid Votes"	"No.of
rejected votes"	"Total"	"No.of
Tendered Votes"
"126"	""	"A"	"B"	"C"	"D"	"E"	"F"	"G"	""	""	""	""
"127"	"B.F."	"1374"	"9149"	"12915"	"13419"	"1663"	"955"	"1314"	"40789"	"0"	"40789"	"0"
"128"	"90"	"14"	"148"	"159"	"74"	"10"	"13"	"10"	"428"	""	"428"	""
"129"	"91"	"2"	"161"	"183"	"156"	"7"	"6"	"2"	"517"	""	"517"	""
"130"	"92"	"20"	"19"	"111"	"242"	"36"	"12"	"30"	"470"	""	"470"	""
"131"	"93"	"21"	"23"	"216"	"257"	"18"	"6"	"17"	"558"	""	"558"	""
"132"	"94"	"6"	"50"	"131"	"38"	"8"	"1"	"4"	"238"	""	"238"	""
"133"	"95"	"17"	"21"	"24"	"313"	"19"	"4"	"8"	"406"	""	"406"	""
"134"	"96"	"16"	"32"	"142"	"396"	"26"	"15"	"17"	"644"	""	"644"	""
"135"	"97"	"31"	"18"	"120"	"153"	"18"	"19"	"19"	"378"	""	"378"	""
"136"	"97A"	"71"	"16"	"79"	"207"	"15"	"22"	"8"	"418"	""	"418"	""
"137"	"98"	"14"	"140"	"221"	"92"	"17"	"26"	"10"	"520"	""	"520"	""
"138"	"99"	"15"	"99"	"55"	"225"	"15"	"10"	"17"	"436"	""	"436"	""
"139"	"100"	"15"	"42"	"173"	"287"	"25"	"4"	"11"	"557"	""	"557"	""
"140"	"101"	"26"	"30"	"146"	"239"	"28"	"12"	"30"	"511"	""	"511"	""
"141"	"102"	"10"	"129"	"64"	"93"	"8"	"11"	"13"	"328"	""	"328"	""
"142"	"Page Total"	"1652"	"10077"	"14739"	"16191"	"1913"	"1116"	"1510"	"47198"	"0"	"47198"	"0"
"143"	"Serial
No.of Polling Station*"	"Gajendra
Prasad Yadav"	"Gajendra
Prasad Himashu"	"Ramnarayan
Mandal"	"Sunil Kumar
Pushpam"	"Indra Kant
Yadav"	"Rajendra
Prasad Yadav"	"Ram Chalo
Mukhia"	"Total of
valid Votes"	"No.of
rejected votes"	"Total"	"No.of
Tendered Votes"
"144"	""	"A"	"B"	"C"	"D"	"E"	"F"	"G"	""	""	""	""
"145"	"B.F."	"1652"	"10077"	"14739"	"16191"	"1913"	"1116"	"1510"	"47198"	"0"	"47198"	"0"
"146"	"103"	"12"	"214"	"159"	"149"	"16"	"16"	"14"	"580"	""	"580"	""
"147"	"104"	"8"	"126"	"116"	"119"	"13"	"9"	"7"	"398"	""	"398"	""
"148"	"105"	"12"	"32"	"89"	"225"	"18"	"4"	"13"	"393"	""	"393"	""
"149"	"105A"	"12"	"29"	"121"	"209"	"16"	"6"	"13"	"406"	""	"406"	""
"150"	"106"	"13"	"24"	"86"	"226"	"13"	"10"	"7"	"379"	""	"379"	""
"151"	"106A"	"12"	"85"	"143"	"84"	"11"	"9"	"11"	"355"	""	"355"	""
"152"	"107"	"22"	"80"	"157"	"229"	"22"	"15"	"14"	"539"	""	"539"	""
"153"	"108"	"23"	"37"	"355"	"116"	"17"	"11"	"16"	"575"	""	"575"	""
"154"	"109"	"14"	"16"	"84"	"221"	"15"	"10"	"12"	"372"	""	"372"	""
"155"	"109A"	"15"	"42"	"134"	"144"	"11"	"14"	"19"	"379"	""	"379"	""
"156"	"110"	"0"	"4"	"146"	"95"	"5"	"1"	"3"	"254"	""	"254"	""
"157"	"110A"	"6"	"109"	"126"	"92"	"22"	"5"	"9"	"369"	""	"369"	""
"158"	"111"	"13"	"29"	"133"	"108"	"15"	"8"	"7"	"313"	""	"313"	""
"159"	"112"	"13"	"139"	"71"	"126"	"25"	"7"	"14"	"395"	""	"395"	""
"160"	"Page Total"	"1827"	"11043"	"16659"	"18334"	"2132"	"1241"	"1669"	"52905"	"0"	"52905"	"0"
"161"	"Serial
No.of Polling Station*"	"Gajendra
Prasad Yadav"	"Gajendra
Prasad Himashu"	"Ramnarayan
Mandal"	"Sunil Kumar
Pushpam"	"Indra Kant
Yadav"	"Rajendra
Prasad Yadav"	"Ram Chalo
Mukhia"	"Total of
valid Votes"	"No.of
rejected votes"	"Total"	"No.of
Tendered Votes"
"162"	""	"A"	"B"	"C"	"D"	"E"	"F"	"G"	""	""	""	""
"163"	"B.F."	"1827"	"11043"	"16659"	"18334"	"2132"	"1241"	"1669"	"52905"	"0"	"52905"	"0"
"164"	"113"	"22"	"277"	"196"	"126"	"32"	"25"	"23"	"701"	""	"701"	""
"165"	"114"	"17"	"61"	"52"	"237"	"17"	"42"	"20"	"446"	""	"446"	""
"166"	"115"	"8"	"62"	"163"	"188"	"29"	"34"	"20"	"504"	""	"504"	""
"167"	"116"	"22"	"24"	"149"	"179"	"31"	"11"	"18"	"434"	""	"434"	""
"168"	"117"	"12"	"33"	"142"	"194"	"29"	"13"	"24"	"447"	""	"447"	""
"169"	"118"	"15"	"37"	"27"	"209"	"16"	"13"	"19"	"336"	""	"336"	""
"170"	"119"	"15"	"32"	"48"	"276"	"20"	"7"	"14"	"412"	""	"412"	""
"171"	"120"	"9"	"38"	"155"	"277"	"37"	"21"	"23"	"560"	""	"560"	""
"172"	"121"	"21"	"7"	"52"	"126"	"14"	"6"	"11"	"237"	""	"237"	""
"173"	"122"	"29"	"19"	"80"	"253"	"24"	"21"	"40"	"466"	""	"466"	""
"174"	"123"	"8"	"59"	"223"	"96"	"20"	"15"	"9"	"430"	""	"430"	""
"175"	"124"	"15"	"34"	"41"	"261"	"17"	"10"	"10"	"388"	""	"388"	""
"176"	"125"	"10"	"26"	"56"	"158"	"13"	"13"	"24"	"300"	""	"300"	""
"177"	"126"	"20"	"142"	"118"	"242"	"25"	"16"	"32"	"595"	""	"595"	""
"178"	"Page Total"	"2050"	"11894"	"18161"	"21156"	"2456"	"1488"	"1956"	"59161"	"0"	"59161"	"0"
"179"	"Serial
No.of Polling Station*"	"Gajendra
Prasad Yadav"	"Gajendra
Prasad Himashu"	"Ramnarayan
Mandal"	"Sunil Kumar
Pushpam"	"Indra Kant
Yadav"	"Rajendra
Prasad Yadav"	"Ram Chalo
Mukhia"	"Total of
valid Votes"	"No.of
rejected votes"	"Total"	"No.of
Tendered Votes"
"180"	""	"A"	"B"	"C"	"D"	"E"	"F"	"G"	""	""	""	""
"181"	"B.F."	"2050"	"11894"	"18161"	"21156"	"2456"	"1488"	"1956"	"59161"	"0"	"59161"	"0"
"182"	"127"	"7"	"80"	"21"	"171"	"7"	"4"	"8"	"298"	""	"298"	""
"183"	"128"	"17"	"20"	"100"	"169"	"10"	"5"	"6"	"327"	""	"327"	""
"184"	"128A"	"12"	"22"	"29"	"164"	"9"	"8"	"15"	"259"	""	"259"	""
"185"	"129"	"17"	"25"	"94"	"186"	"24"	"6"	"22"	"374"	""	"374"	""
"186"	"130"	"26"	"7"	"41"	"244"	"25"	"15"	"45"	"403"	""	"403"	""
"187"	"131"	"0"	"0"	"102"	"264"	"0"	"0"	"41"	"407"	""	"407"	""
"188"	"132"	"5"	"1"	"41"	"252"	"28"	"7"	"12"	"346"	""	"346"	""
"189"	"133"	"15"	"42"	"40"	"316"	"25"	"20"	"33"	"491"	""	"491"	""
"190"	"134"	"21"	"19"	"82"	"107"	"20"	"5"	"11"	"265"	""	"265"	""
"191"	"134A"	"24"	"2"	"105"	"56"	"21"	"11"	"42"	"261"	""	"261"	""
"192"	"135"	"13"	"8"	"89"	"119"	"15"	"7"	"19"	"270"	""	"270"	""
"193"	"135A"	"4"	"15"	"55"	"120"	"10"	"7"	"14"	"225"	""	"225"	""
"194"	"136"	"14"	"28"	"31"	"92"	"8"	"7"	"5"	"185"	""	"185"	""
"195"	"137"	"18"	"25"	"140"	"46"	"6"	"5"	"5"	"245"	""	"245"	""
"196"	"Page Total"	"2243"	"12188"	"19131"	"23462"	"2664"	"1595"	"2234"	"63517"	"0"	"63517"	"0"
"197"	"Serial
No.of Polling Station*"	"Gajendra
Prasad Yadav"	"Gajendra
Prasad Himashu"	"Ramnarayan
Mandal"	"Sunil Kumar
Pushpam"	"Indra Kant
Yadav"	"Rajendra
Prasad Yadav"	"Ram Chalo
Mukhia"	"Total of
valid Votes"	"No.of
rejected votes"	"Total"	"No.of
Tendered Votes"
"198"	""	"A"	"B"	"C"	"D"	"E"	"F"	"G"	""	""	""	""
"199"	"B.F."	"2243"	"12188"	"19131"	"23462"	"2664"	"1595"	"2234"	"63517"	"0"	"63517"	"0"
"200"	"138"	"6"	"28"	"139"	"232"	"31"	"12"	"17"	"465"	""	"465"	""
"201"	"139"	"10"	"67"	"61"	"67"	"5"	"3"	"0"	"213"	""	"213"	""
"202"	"140"	"25"	"77"	"22"	"274"	"16"	"7"	"15"	"436"	""	"436"	""
"203"	"141"	"8"	"40"	"44"	"146"	"6"	"5"	"11"	"260"	""	"260"	""
"204"	"142"	"16"	"340"	"101"	"185"	"13"	"15"	"20"	"690"	""	"690"	""
"205"	"143"	"23"	"24"	"143"	"248"	"25"	"11"	"21"	"495"	""	"495"	""
"206"	"144"	"19"	"274"	"64"	"222"	"25"	"35"	"31"	"670"	""	"670"	""
"207"	"145"	"15"	"105"	"135"	"108"	"25"	"18"	"18"	"424"	""	"424"	""
"208"	"146"	"10"	"195"	"63"	"33"	"8"	"13"	"9"	"331"	""	"331"	""
"209"	"147"	"11"	"48"	"51"	"165"	"26"	"12"	"43"	"356"	""	"356"	""
"210"	"148"	"5"	"46"	"142"	"121"	"19"	"5"	"7"	"345"	""	"345"	""
"211"	"149"	"12"	"57"	"132"	"116"	"24"	"17"	"11"	"369"	""	"369"	""
"212"	"150"	"31"	"228"	"90"	"112"	"24"	"62"	"28"	"575"	""	"575"	""
"213"	"151"	"14"	"42"	"106"	"192"	"18"	"8"	"14"	"394"	""	"394"	""
"214"	"Page Total"	"2448"	"13759"	"20424"	"25683"	"2929"	"1818"	"2479"	"69540"	"0"	"69540"	"0"
"215"	"Serial
No.of Polling Station*"	"Gajendra
Prasad Yadav"	"Gajendra
Prasad Himashu"	"Ramnarayan
Mandal"	"Sunil Kumar
Pushpam"	"Indra Kant
Yadav"	"Rajendra
Prasad Yadav"	"Ram Chalo
Mukhia"	"Total of
valid Votes"	"No.of
rejected votes"	"Total"	"No.of
Tendered Votes"
"216"	""	"A"	"B"	"C"	"D"	"E"	"F"	"G"	""	""	""	""
"217"	"B.F."	"2448"	"13759"	"20424"	"25683"	"2929"	"1818"	"2479"	"69540"	"0"	"69540"	"0"
"218"	"152"	"42"	"199"	"185"	"137"	"28"	"92"	"17"	"700"	""	"700"	""
"219"	"153"	"5"	"10"	"74"	"68"	"4"	"3"	"7"	"171"	""	"171"	""
"220"	"154"	"6"	"63"	"69"	"112"	"20"	"10"	"12"	"292"	""	"292"	""
"221"	"155"	"6"	"13"	"79"	"70"	"8"	"21"	"9"	"206"	""	"206"	""
"222"	"156"	"17"	"22"	"48"	"152"	"15"	"4"	"9"	"267"	""	"267"	""
"223"	"157"	"21"	"275"	"114"	"148"	"25"	"50"	"45"	"678"	""	"678"	""
"224"	"158"	"7"	"72"	"129"	"117"	"12"	"25"	"13"	"375"	""	"375"	""
"225"	"158A"	"18"	"78"	"99"	"154"	"20"	"9"	"10"	"388"	""	"388"	""
"226"	"159"	"11"	"83"	"140"	"229"	"7"	"3"	"8"	"481"	""	"481"	""
"227"	"160"	"16"	"213"	"22"	"53"	"12"	"15"	"14"	"345"	""	"345"	""
"228"	"160A"	"9"	"153"	"41"	"98"	"12"	"27"	"13"	"353"	""	"353"	""
"229"	"161"	"18"	"115"	"72"	"359"	"26"	"44"	"25"	"659"	""	"659"	""
"230"	"162"	"13"	"21"	"156"	"55"	"26"	"8"	"17"	"296"	""	"296"	""
"231"	"163"	"12"	"111"	"18"	"283"	"11"	"13"	"18"	"466"	""	"466"	""
"232"	"Page Total"	"2649"	"15187"	"21670"	"27718"	"3155"	"2142"	"2696"	"75217"	"0"	"75217"	"0"
"233"	"Serial
No.of Polling Station*"	"Gajendra
Prasad Yadav"	"Gajendra
Prasad Himashu"	"Ramnarayan
Mandal"	"Sunil Kumar
Pushpam"	"Indra Kant
Yadav"	"Rajendra
Prasad Yadav"	"Ram Chalo
Mukhia"	"Total of
valid Votes"	"No.of
rejected votes"	"Total"	"No.of
Tendered Votes"
"234"	""	"A"	"B"	"C"	"D"	"E"	"F"	"G"	""	""	""	""
"235"	"B.F."	"2649"	"15187"	"21670"	"27718"	"3155"	"2142"	"2696"	"75217"	"0"	"75217"	"0"
"236"	"164"	"8"	"29"	"55"	"222"	"24"	"18"	"11"	"367"	""	"367"	""
"237"	"165"	"8"	"6"	"54"	"307"	"13"	"11"	"25"	"424"	""	"424"	""
"238"	"166"	"13"	"130"	"27"	"111"	"14"	"11"	"22"	"328"	""	"328"	""
"239"	"166A"	"11"	"26"	"146"	"118"	"16"	"20"	"14"	"351"	""	"351"	""
"240"	"167"	"23"	"109"	"141"	"90"	"15"	"16"	"19"	"413"	""	"413"	""
"241"	"168"	"32"	"29"	"99"	"239"	"39"	"71"	"34"	"543"	""	"543"	""
"242"	"169"	"21"	"118"	"120"	"214"	"22"	"29"	"20"	"544"	""	"544"	""
"243"	"170"	"6"	"78"	"212"	"75"	"30"	"20"	"20"	"441"	""	"441"	""
"244"	"171"	"14"	"63"	"230"	"53"	"14"	"13"	"11"	"398"	""	"398"	""
"245"	"171A"	"11"	"36"	"114"	"116"	"7"	"4"	"3"	"291"	""	"291"	""
"246"	"172"	"7"	"95"	"115"	"78"	"12"	"21"	"18"	"346"	""	"346"	""
"247"	"173"	"15"	"202"	"144"	"191"	"20"	"43"	"17"	"632"	""	"632"	""
"248"	"174"	"17"	"139"	"139"	"156"	"27"	"24"	"40"	"542"	""	"542"	""
"249"	"175"	"23"	"158"	"260"	"101"	"21"	"8"	"11"	"582"	""	"582"	""
"250"	"Page Total"	"2858"	"16405"	"23526"	"29789"	"3429"	"2451"	"2961"	"81419"	"0"	"81419"	"0"
"251"	"Serial
No.of Polling Station*"	"Gajendra
Prasad Yadav"	"Gajendra
Prasad Himashu"	"Ramnarayan
Mandal"	"Sunil Kumar
Pushpam"	"Indra Kant
Yadav"	"Rajendra
Prasad Yadav"	"Ram Chalo
Mukhia"	"Total of
valid Votes"	"No.of
rejected votes"	"Total"	"No.of
Tendered Votes"
"252"	""	"A"	"B"	"C"	"D"	"E"	"F"	"G"	""	""	""	""
"253"	"B.F."	"2858"	"16405"	"23526"	"29789"	"3429"	"2451"	"2961"	"81419"	"0"	"81419"	"0"
"254"	"176"	"4"	"76"	"58"	"268"	"16"	"10"	"33"	"465"	""	"465"	""
"255"	"177"	"21"	"16"	"41"	"202"	"19"	"13"	"26"	"338"	""	"338"	""
"256"	"177A"	"8"	"11"	"49"	"149"	"13"	"11"	"23"	"264"	""	"264"	""
"257"	"178"	"15"	"66"	"43"	"204"	"20"	"37"	"12"	"397"	""	"397"	""
"258"	"179"	"24"	"89"	"35"	"293"	"10"	"8"	"22"	"481"	""	"481"	""
"259"	"180"	"13"	"87"	"42"	"104"	"11"	"21"	"19"	"297"	""	"297"	""
"260"	"181"	"6"	"208"	"98"	"177"	"19"	"32"	"16"	"556"	""	"556"	""
"261"	"182"	"24"	"86"	"137"	"129"	"29"	"10"	"11"	"426"	""	"426"	""
"262"	"183"	"30"	"163"	"86"	"237"	"26"	"13"	"13"	"568"	""	"568"	""
"263"	"Page Total"	"3003"	"17207"	"24115"	"31552"	"3592"	"2606"	"3136"	"85211"	"0"	"85211"	"0"
"264"	"Serial
No.of Polling Station*"	"Gajendra
Prasad Yadav"	"Gajendra
Prasad Himashu"	"Ramnarayan
Mandal"	"Sunil Kumar
Pushpam"	"Indra Kant
Yadav"	"Rajendra
Prasad Yadav"	"Ram Chalo
Mukhia"	"Total of
valid Votes"	"No.of
rejected votes"	"Total"	"No.of
Tendered Votes"
"265"	""	"A"	"B"	"C"	"D"	"E"	"F"	"G"	""	""	""	""
"266"	"Total No of votes recorded at Polling Stations"	"3003"	"17207"	"24115"	"31552"	"3592"	"2606"	"3136"	"85211"	"0"	"85211"	"0"
"267"	"No. of Votes recorded on Postal ballot Papers"	"0"	"4"	"0"	"1"	"0"	"0"	"0"	"5"	"0"	"-5"	"0"
"268"	"Total Votes Polled"	"3003"	"17211"	"24115"	"31553"	"3592"	"2606"	"3136"	"85216"	"0"	"85216"	"0"
"269"	"Place :- SAMASTIPUE COLLEGE, SAMASTIPUR"	""	""	""	""	""	""	""	""	""	""	""
"270"	"Date:- 22nd Nov 2005"	""	""	""	""	""	""	""	""	""	""	""
"271"	"Returning Officer"	""	""	""	""	""	""	""	""	""	""	""
"272"	"102- Hasanpur Samastipur"	""	""	""	""	""	""	""	""	""	""	""
